{
  "hash": "e6b97c92",
  "configHash": "713d2dc8",
  "lockfileHash": "e4058388",
  "browserHash": "8f8c5ed0",
  "optimized": {
    "@angular/cdk/bidi": {
      "src": "../../../../../../node_modules/@angular/cdk/fesm2022/bidi.mjs",
      "file": "@angular_cdk_bidi.js",
      "fileHash": "a8d3ec27",
      "needsInterop": false
    },
    "@angular/cdk/scrolling": {
      "src": "../../../../../../node_modules/@angular/cdk/fesm2022/scrolling.mjs",
      "file": "@angular_cdk_scrolling.js",
      "fileHash": "36b35f58",
      "needsInterop": false
    },
    "@angular/cdk/text-field": {
      "src": "../../../../../../node_modules/@angular/cdk/fesm2022/text-field.mjs",
      "file": "@angular_cdk_text-field.js",
      "fileHash": "de9484be",
      "needsInterop": false
    },
    "@angular/common": {
      "src": "../../../../../../node_modules/@angular/common/fesm2022/common.mjs",
      "file": "@angular_common.js",
      "fileHash": "dd4c9950",
      "needsInterop": false
    },
    "@angular/common/http": {
      "src": "../../../../../../node_modules/@angular/common/fesm2022/http.mjs",
      "file": "@angular_common_http.js",
      "fileHash": "692af1c9",
      "needsInterop": false
    },
    "@angular/core": {
      "src": "../../../../../../node_modules/@angular/core/fesm2022/core.mjs",
      "file": "@angular_core.js",
      "fileHash": "484e8bbb",
      "needsInterop": false
    },
    "@angular/forms": {
      "src": "../../../../../../node_modules/@angular/forms/fesm2022/forms.mjs",
      "file": "@angular_forms.js",
      "fileHash": "27a87121",
      "needsInterop": false
    },
    "@angular/material/button": {
      "src": "../../../../../../node_modules/@angular/material/fesm2022/button.mjs",
      "file": "@angular_material_button.js",
      "fileHash": "e70bdcc2",
      "needsInterop": false
    },
    "@angular/material/checkbox": {
      "src": "../../../../../../node_modules/@angular/material/fesm2022/checkbox.mjs",
      "file": "@angular_material_checkbox.js",
      "fileHash": "df2ce08f",
      "needsInterop": false
    },
    "@angular/material/core": {
      "src": "../../../../../../node_modules/@angular/material/fesm2022/core.mjs",
      "file": "@angular_material_core.js",
      "fileHash": "d4445d6d",
      "needsInterop": false
    },
    "@angular/material/datepicker": {
      "src": "../../../../../../node_modules/@angular/material/fesm2022/datepicker.mjs",
      "file": "@angular_material_datepicker.js",
      "fileHash": "020e422e",
      "needsInterop": false
    },
    "@angular/material/form-field": {
      "src": "../../../../../../node_modules/@angular/material/fesm2022/form-field.mjs",
      "file": "@angular_material_form-field.js",
      "fileHash": "820000ec",
      "needsInterop": false
    },
    "@angular/material/icon": {
      "src": "../../../../../../node_modules/@angular/material/fesm2022/icon.mjs",
      "file": "@angular_material_icon.js",
      "fileHash": "197a89ae",
      "needsInterop": false
    },
    "@angular/material/input": {
      "src": "../../../../../../node_modules/@angular/material/fesm2022/input.mjs",
      "file": "@angular_material_input.js",
      "fileHash": "71c7d1e9",
      "needsInterop": false
    },
    "@angular/material/radio": {
      "src": "../../../../../../node_modules/@angular/material/fesm2022/radio.mjs",
      "file": "@angular_material_radio.js",
      "fileHash": "042a8563",
      "needsInterop": false
    },
    "@angular/material/select": {
      "src": "../../../../../../node_modules/@angular/material/fesm2022/select.mjs",
      "file": "@angular_material_select.js",
      "fileHash": "0a3d7c8f",
      "needsInterop": false
    },
    "@angular/material/table": {
      "src": "../../../../../../node_modules/@angular/material/fesm2022/table.mjs",
      "file": "@angular_material_table.js",
      "fileHash": "8a2cfb63",
      "needsInterop": false
    },
    "@angular/platform-browser": {
      "src": "../../../../../../node_modules/@angular/platform-browser/fesm2022/platform-browser.mjs",
      "file": "@angular_platform-browser.js",
      "fileHash": "0abe3553",
      "needsInterop": false
    },
    "@angular/platform-server": {
      "src": "../../../../../../node_modules/@angular/platform-server/fesm2022/platform-server.mjs",
      "file": "@angular_platform-server.js",
      "fileHash": "f12b3a80",
      "needsInterop": false
    },
    "@angular/router": {
      "src": "../../../../../../node_modules/@angular/router/fesm2022/router.mjs",
      "file": "@angular_router.js",
      "fileHash": "0f15e408",
      "needsInterop": false
    },
    "@angular/ssr": {
      "src": "../../../../../../node_modules/@angular/ssr/fesm2022/ssr.mjs",
      "file": "@angular_ssr.js",
      "fileHash": "582226a4",
      "needsInterop": false
    },
    "@angular/ssr/node": {
      "src": "../../../../../../node_modules/@angular/ssr/fesm2022/node.mjs",
      "file": "@angular_ssr_node.js",
      "fileHash": "d01c97be",
      "needsInterop": false
    },
    "express": {
      "src": "../../../../../../node_modules/express/index.js",
      "file": "express.js",
      "fileHash": "32638a45",
      "needsInterop": true
    },
    "rxjs/operators": {
      "src": "../../../../../../node_modules/rxjs/dist/cjs/operators/index.js",
      "file": "rxjs_operators.js",
      "fileHash": "ee19ee1d",
      "needsInterop": true
    },
    "sweetalert2": {
      "src": "../../../../../../node_modules/sweetalert2/dist/sweetalert2.esm.all.js",
      "file": "sweetalert2.js",
      "fileHash": "fc537239",
      "needsInterop": false
    }
  },
  "chunks": {
    "xhr2-TXIMV6CV": {
      "file": "xhr2-TXIMV6CV.js"
    },
    "chunk-V5XPRUWP": {
      "file": "chunk-V5XPRUWP.js"
    },
    "chunk-JXZFGTPO": {
      "file": "chunk-JXZFGTPO.js"
    },
    "chunk-VB2W6M6U": {
      "file": "chunk-VB2W6M6U.js"
    },
    "chunk-6XK5XDFV": {
      "file": "chunk-6XK5XDFV.js"
    },
    "chunk-QXRU4YOP": {
      "file": "chunk-QXRU4YOP.js"
    },
    "chunk-ADUHDRGY": {
      "file": "chunk-ADUHDRGY.js"
    },
    "chunk-DVNWCLDM": {
      "file": "chunk-DVNWCLDM.js"
    },
    "chunk-3QDUVGJK": {
      "file": "chunk-3QDUVGJK.js"
    },
    "chunk-CRR2KJJY": {
      "file": "chunk-CRR2KJJY.js"
    },
    "chunk-BOCR5HXQ": {
      "file": "chunk-BOCR5HXQ.js"
    },
    "chunk-UITHXCVR": {
      "file": "chunk-UITHXCVR.js"
    },
    "chunk-ZVITR4DU": {
      "file": "chunk-ZVITR4DU.js"
    },
    "chunk-3JQ7NAX2": {
      "file": "chunk-3JQ7NAX2.js"
    },
    "chunk-JWRWHLV3": {
      "file": "chunk-JWRWHLV3.js"
    },
    "chunk-3PTKL7SN": {
      "file": "chunk-3PTKL7SN.js"
    },
    "chunk-OPHCR73N": {
      "file": "chunk-OPHCR73N.js"
    },
    "chunk-CRWXLLZO": {
      "file": "chunk-CRWXLLZO.js"
    },
    "chunk-75JSXFRL": {
      "file": "chunk-75JSXFRL.js"
    },
    "chunk-J7ZFYFZH": {
      "file": "chunk-J7ZFYFZH.js"
    },
    "chunk-LOM26KNB": {
      "file": "chunk-LOM26KNB.js"
    },
    "chunk-7CYMNEXA": {
      "file": "chunk-7CYMNEXA.js"
    },
    "chunk-JQ2D7PNF": {
      "file": "chunk-JQ2D7PNF.js"
    },
    "chunk-VJQLIAJX": {
      "file": "chunk-VJQLIAJX.js"
    },
    "chunk-C5HDTQAM": {
      "file": "chunk-C5HDTQAM.js"
    },
    "chunk-6GT62UNX": {
      "file": "chunk-6GT62UNX.js"
    },
    "chunk-RRJ5W434": {
      "file": "chunk-RRJ5W434.js"
    },
    "chunk-JME5XKN5": {
      "file": "chunk-JME5XKN5.js"
    },
    "chunk-74MXKTG7": {
      "file": "chunk-74MXKTG7.js"
    },
    "chunk-2Q7CUFQR": {
      "file": "chunk-2Q7CUFQR.js"
    },
    "chunk-PZY7LY2Y": {
      "file": "chunk-PZY7LY2Y.js"
    },
    "chunk-BTBVIDOT": {
      "file": "chunk-BTBVIDOT.js"
    },
    "chunk-FFIH3OCD": {
      "file": "chunk-FFIH3OCD.js"
    },
    "chunk-XOB36AR6": {
      "file": "chunk-XOB36AR6.js"
    },
    "chunk-YHCV7DAQ": {
      "file": "chunk-YHCV7DAQ.js"
    }
  }
}