{
  "hash": "601b363f",
  "configHash": "16e7018b",
  "lockfileHash": "e4058388",
  "browserHash": "e976b5ba",
  "optimized": {
    "@angular/cdk/bidi": {
      "src": "../../../../../../node_modules/@angular/cdk/fesm2022/bidi.mjs",
      "file": "@angular_cdk_bidi.js",
      "fileHash": "e1b7fa63",
      "needsInterop": false
    },
    "@angular/cdk/scrolling": {
      "src": "../../../../../../node_modules/@angular/cdk/fesm2022/scrolling.mjs",
      "file": "@angular_cdk_scrolling.js",
      "fileHash": "1b6696ed",
      "needsInterop": false
    },
    "@angular/cdk/text-field": {
      "src": "../../../../../../node_modules/@angular/cdk/fesm2022/text-field.mjs",
      "file": "@angular_cdk_text-field.js",
      "fileHash": "04ca92ec",
      "needsInterop": false
    },
    "@angular/common": {
      "src": "../../../../../../node_modules/@angular/common/fesm2022/common.mjs",
      "file": "@angular_common.js",
      "fileHash": "edb15c99",
      "needsInterop": false
    },
    "@angular/common/http": {
      "src": "../../../../../../node_modules/@angular/common/fesm2022/http.mjs",
      "file": "@angular_common_http.js",
      "fileHash": "0343f0d2",
      "needsInterop": false
    },
    "@angular/core": {
      "src": "../../../../../../node_modules/@angular/core/fesm2022/core.mjs",
      "file": "@angular_core.js",
      "fileHash": "305f160c",
      "needsInterop": false
    },
    "@angular/forms": {
      "src": "../../../../../../node_modules/@angular/forms/fesm2022/forms.mjs",
      "file": "@angular_forms.js",
      "fileHash": "5b3c0041",
      "needsInterop": false
    },
    "@angular/material/button": {
      "src": "../../../../../../node_modules/@angular/material/fesm2022/button.mjs",
      "file": "@angular_material_button.js",
      "fileHash": "3a9824ae",
      "needsInterop": false
    },
    "@angular/material/checkbox": {
      "src": "../../../../../../node_modules/@angular/material/fesm2022/checkbox.mjs",
      "file": "@angular_material_checkbox.js",
      "fileHash": "c8702789",
      "needsInterop": false
    },
    "@angular/material/core": {
      "src": "../../../../../../node_modules/@angular/material/fesm2022/core.mjs",
      "file": "@angular_material_core.js",
      "fileHash": "7c523a4d",
      "needsInterop": false
    },
    "@angular/material/datepicker": {
      "src": "../../../../../../node_modules/@angular/material/fesm2022/datepicker.mjs",
      "file": "@angular_material_datepicker.js",
      "fileHash": "cd14a568",
      "needsInterop": false
    },
    "@angular/material/form-field": {
      "src": "../../../../../../node_modules/@angular/material/fesm2022/form-field.mjs",
      "file": "@angular_material_form-field.js",
      "fileHash": "8b6bb6c9",
      "needsInterop": false
    },
    "@angular/material/icon": {
      "src": "../../../../../../node_modules/@angular/material/fesm2022/icon.mjs",
      "file": "@angular_material_icon.js",
      "fileHash": "63cc82e3",
      "needsInterop": false
    },
    "@angular/material/input": {
      "src": "../../../../../../node_modules/@angular/material/fesm2022/input.mjs",
      "file": "@angular_material_input.js",
      "fileHash": "5432c33b",
      "needsInterop": false
    },
    "@angular/material/radio": {
      "src": "../../../../../../node_modules/@angular/material/fesm2022/radio.mjs",
      "file": "@angular_material_radio.js",
      "fileHash": "3d938bc0",
      "needsInterop": false
    },
    "@angular/material/select": {
      "src": "../../../../../../node_modules/@angular/material/fesm2022/select.mjs",
      "file": "@angular_material_select.js",
      "fileHash": "b982f9fa",
      "needsInterop": false
    },
    "@angular/material/table": {
      "src": "../../../../../../node_modules/@angular/material/fesm2022/table.mjs",
      "file": "@angular_material_table.js",
      "fileHash": "58f56919",
      "needsInterop": false
    },
    "@angular/platform-browser": {
      "src": "../../../../../../node_modules/@angular/platform-browser/fesm2022/platform-browser.mjs",
      "file": "@angular_platform-browser.js",
      "fileHash": "f0464712",
      "needsInterop": false
    },
    "@angular/router": {
      "src": "../../../../../../node_modules/@angular/router/fesm2022/router.mjs",
      "file": "@angular_router.js",
      "fileHash": "f4c1332b",
      "needsInterop": false
    },
    "rxjs/operators": {
      "src": "../../../../../../node_modules/rxjs/dist/esm5/operators/index.js",
      "file": "rxjs_operators.js",
      "fileHash": "6d796b03",
      "needsInterop": false
    },
    "sweetalert2": {
      "src": "../../../../../../node_modules/sweetalert2/dist/sweetalert2.esm.all.js",
      "file": "sweetalert2.js",
      "fileHash": "ed856b3d",
      "needsInterop": false
    }
  },
  "chunks": {
    "chunk-TK76KOG3": {
      "file": "chunk-TK76KOG3.js"
    },
    "chunk-W66UZMGX": {
      "file": "chunk-W66UZMGX.js"
    },
    "chunk-SBSAQEGE": {
      "file": "chunk-SBSAQEGE.js"
    },
    "chunk-UOKNZ3IJ": {
      "file": "chunk-UOKNZ3IJ.js"
    },
    "chunk-RK4L3RX7": {
      "file": "chunk-RK4L3RX7.js"
    },
    "chunk-OBSUUT6O": {
      "file": "chunk-OBSUUT6O.js"
    },
    "chunk-E7UTMB2X": {
      "file": "chunk-E7UTMB2X.js"
    },
    "chunk-WS67V6GJ": {
      "file": "chunk-WS67V6GJ.js"
    },
    "chunk-FZA2HTU7": {
      "file": "chunk-FZA2HTU7.js"
    },
    "chunk-O6G77MYH": {
      "file": "chunk-O6G77MYH.js"
    },
    "chunk-TW33IEI7": {
      "file": "chunk-TW33IEI7.js"
    },
    "chunk-ZXOCQJV5": {
      "file": "chunk-ZXOCQJV5.js"
    },
    "chunk-YFZCXLT6": {
      "file": "chunk-YFZCXLT6.js"
    },
    "chunk-KGPEWD77": {
      "file": "chunk-KGPEWD77.js"
    },
    "chunk-WOGXST5T": {
      "file": "chunk-WOGXST5T.js"
    },
    "chunk-S2EM4KC2": {
      "file": "chunk-S2EM4KC2.js"
    },
    "chunk-7ZWSCVY4": {
      "file": "chunk-7ZWSCVY4.js"
    },
    "chunk-SVU2SW7C": {
      "file": "chunk-SVU2SW7C.js"
    },
    "chunk-3X6QBETR": {
      "file": "chunk-3X6QBETR.js"
    },
    "chunk-P3Q6QQEA": {
      "file": "chunk-P3Q6QQEA.js"
    },
    "chunk-JXBCBRYI": {
      "file": "chunk-JXBCBRYI.js"
    },
    "chunk-2V4TM5GD": {
      "file": "chunk-2V4TM5GD.js"
    },
    "chunk-2O4WY5GE": {
      "file": "chunk-2O4WY5GE.js"
    },
    "chunk-X7YVPKL4": {
      "file": "chunk-X7YVPKL4.js"
    },
    "chunk-HFPJYD7K": {
      "file": "chunk-HFPJYD7K.js"
    },
    "chunk-GXR3ZV4V": {
      "file": "chunk-GXR3ZV4V.js"
    },
    "chunk-XWMLLVMJ": {
      "file": "chunk-XWMLLVMJ.js"
    },
    "chunk-SMUEXQ4T": {
      "file": "chunk-SMUEXQ4T.js"
    },
    "chunk-23CBKVME": {
      "file": "chunk-23CBKVME.js"
    },
    "chunk-KVMR5SSS": {
      "file": "chunk-KVMR5SSS.js"
    },
    "chunk-WDMUDEB6": {
      "file": "chunk-WDMUDEB6.js"
    }
  }
}